﻿"CountryCode","SeriesCode","DESCRIPTION",
"ABW","SP.POP.TOTL","Data source: United Nations World Population Prospects",
"AFG","per_allsp.avt_pop_preT_tot","Source: ASPIRE",
"AFG","per_allsp.cov_pop_tot","Source: ASPIRE",
"AFG","per_allsp.cov_q1_tot","Source: ASPIRE",
"AFG","SP.POP.TOTL","Data source: United Nations World Population Prospects",
"AGO","per_allsp.avt_pop_preT_tot","Source: ASPIRE",
"AGO","per_allsp.cov_pop_tot","Source: ASPIRE",
"AGO","per_allsp.cov_q1_tot","Source: ASPIRE",
"AGO","SP.POP.TOTL","Data source: United Nations World Population Prospects",
"ALB","per_allsp.avt_pop_preT_tot","Source: ASPIRE",
"ALB","per_allsp.cov_pop_tot","Source: ASPIRE",
"ALB","per_allsp.cov_q1_tot","Source: ASPIRE",
"ALB","SP.POP.TOTL","Data source: Institute of Statistics, Eurostat",
"AND","SP.POP.TOTL","Data source: United Nations World Population Prospects",
"ARE","SP.POP.TOTL","Data source: United Nations World Population Prospects",
"ARG","per_allsp.avt_pop_preT_tot","Source: ASPIRE",
"ARG","per_allsp.cov_pop_tot","Source: ASPIRE",
"ARG","per_allsp.cov_q1_tot","Source: ASPIRE",
"ARG","SP.POP.TOTL","Data source: National Institute of Statistics and Censuses, United Nations World Population Prospects",
"ARM","per_allsp.avt_pop_preT_tot","Source: ASPIRE",
"ARM","per_allsp.cov_pop_tot","Source: ASPIRE",
"ARM","per_allsp.cov_q1_tot","Source: ASPIRE",
"ARM","SP.POP.TOTL","Data source: United Nations World Population Prospects",
"ASM","SP.POP.TOTL","Data source: United Nations World Population Prospects",
"ATG","SP.POP.TOTL","Data source: United Nations World Population Prospects",
"AUS","SP.POP.TOTL","Data source: Australian Bureau of Statistics",
"AUT","SP.POP.TOTL","Data source: Eurostat, Statistics Austria",
"AZE","per_allsp.avt_pop_preT_tot","Source: ASPIRE",
"AZE","per_allsp.cov_pop_tot","Source: ASPIRE",
"AZE","per_allsp.cov_q1_tot","Source: ASPIRE",
"AZE","SP.POP.TOTL","Data source: Eurostat, State Statistical Committee, United Nations World Population Prospects",
"BDI","SP.POP.TOTL","Data source: United Nations World Population Prospects",
"BEL","SP.POP.TOTL","Data source: Eurostat",
"BEN","per_allsp.avt_pop_preT_tot","Source: ASPIRE",
"BEN","per_allsp.cov_pop_tot","Source: ASPIRE",
"BEN","per_allsp.cov_q1_tot","Source: ASPIRE",
"BEN","SP.POP.TOTL","Data source: United Nations World Population Prospects",
"BFA","per_allsp.avt_pop_preT_tot","Source: ASPIRE",
"BFA","per_allsp.cov_pop_tot","Source: ASPIRE",
"BFA","per_allsp.cov_q1_tot","Source: ASPIRE",
"BFA","SP.POP.TOTL","Data source: United Nations World Population Prospects",
"BGD","per_allsp.avt_pop_preT_tot","Source: ASPIRE",
"BGD","per_allsp.cov_pop_tot","Source: ASPIRE",
"BGD","per_allsp.cov_q1_tot","Source: ASPIRE",
"BGD","SG.GEN.PARL.ZS","In 2004, the number of seats in parliament was raised from 300 to 345, with the addition of 45 reserved seats for women. These reserved seats were filled in September and October 2005, being allocated to political parties in proportion to their share of the national vote received in the 2001 election. 
The parliament was dissolved on 27 October 2006, in view of elections that are yet to take place. Women held 52 of the 345 seats (15%) in the outgoing parliament. 
45 reserved seats reserved for women are yet to be filled in 2008.",
"BGD","SP.POP.TOTL","Data source: United Nations World Population Prospects",
"BGR","per_allsp.avt_pop_preT_tot","Source: ASPIRE",
"BGR","per_allsp.cov_pop_tot","Source: ASPIRE",
"BGR","per_allsp.cov_q1_tot","Source: ASPIRE",
"BGR","SP.POP.TOTL","Data source: Eurostat",
"BHR","SP.POP.TOTL","Data source: United Nations World Population Prospects",
"BHS","SP.POP.TOTL","Data source: United Nations World Population Prospects",
"BIH","per_allsp.avt_pop_preT_tot","Source: ASPIRE",
"BIH","per_allsp.cov_pop_tot","Source: ASPIRE",
"BIH","per_allsp.cov_q1_tot","Source: ASPIRE",
"BIH","SP.POP.TOTL","Data source: United Nations World Population Prospects",
"BLR","per_allsp.avt_pop_preT_tot","Source: ASPIRE",
"BLR","per_allsp.cov_pop_tot","Source: ASPIRE",
"BLR","per_allsp.cov_q1_tot","Source: ASPIRE",
"BLR","SP.POP.TOTL","Data source: National Statistical Committee of the Republic of Belarus, Eurostat",
"BLZ","per_allsp.avt_pop_preT_tot","Source: ASPIRE",
"BLZ","per_allsp.cov_pop_tot","Source: ASPIRE",
"BLZ","per_allsp.cov_q1_tot","Source: ASPIRE",
"BLZ","SP.POP.TOTL","Data source: United Nations World Population Prospects",
"BMU","SP.POP.TOTL","Data source: Bermuda Government Department of Statistics, United Nations Population and Vital Statistics Report",
"BOL","per_allsp.avt_pop_preT_tot","Source: ASPIRE",
"BOL","per_allsp.cov_pop_tot","Source: ASPIRE",
"BOL","per_allsp.cov_q1_tot","Source: ASPIRE",
"BOL","SP.POP.TOTL","Data source: United Nations World Population Prospects",
"BRA","per_allsp.avt_pop_preT_tot","Source: ASPIRE",
"BRA","per_allsp.cov_pop_tot","Source: ASPIRE",
"BRA","per_allsp.cov_q1_tot","Source: ASPIRE",
"BRA","SP.POP.TOTL","Data source: United Nations World Population Prospects",
"BRB","SP.POP.TOTL","Data source: United Nations World Population Prospects",
"BRN","SP.POP.TOTL","Data source: United Nations World Population Prospects",
"BTN","per_allsp.avt_pop_preT_tot","Source: ASPIRE",
"BTN","per_allsp.cov_pop_tot","Source: ASPIRE",
"BTN","per_allsp.cov_q1_tot","Source: ASPIRE",
"BTN","SP.POP.TOTL","Data source: United Nations World Population Prospects",
"BWA","per_allsp.avt_pop_preT_tot","Source: ASPIRE",
"BWA","per_allsp.cov_pop_tot","Source: ASPIRE",
"BWA","per_allsp.cov_q1_tot","Source: ASPIRE",
"BWA","SP.POP.TOTL","Data source: United Nations World Population Prospects",
"CAF","per_allsp.avt_pop_preT_tot","Source: ASPIRE",
"CAF","per_allsp.cov_pop_tot","Source: ASPIRE",
"CAF","per_allsp.cov_q1_tot","Source: ASPIRE",
"CAF","SP.POP.TOTL","Data source: United Nations World Population Prospects",
"CAN","SP.POP.TOTL","Data source: Statistics Canada",
"CHE","SP.POP.TOTL","Data source: Eurostat",
"CHI","SP.POP.TOTL","Data source: United Nations World Population Prospects",
"CHL","per_allsp.avt_pop_preT_tot","Source: ASPIRE",
"CHL","per_allsp.cov_pop_tot","Source: ASPIRE",
"CHL","per_allsp.cov_q1_tot","Source: ASPIRE",
"CHL","SP.POP.TOTL","Data source: United Nations World Population Prospects",
"CHN","per_allsp.avt_pop_preT_tot","Source: ASPIRE",
"CHN","per_allsp.cov_pop_tot","Source: ASPIRE",
"CHN","per_allsp.cov_q1_tot","Source: ASPIRE",
"CHN","SP.POP.TOTL","Data source: National Bureau of Statistics",
"CIV","per_allsp.avt_pop_preT_tot","Source: ASPIRE",
"CIV","per_allsp.cov_pop_tot","Source: ASPIRE",
"CIV","per_allsp.cov_q1_tot","Source: ASPIRE",
"CIV","SP.POP.TOTL","Data source: United Nations World Population Prospects",
"CMR","per_allsp.avt_pop_preT_tot","Source: ASPIRE",
"CMR","per_allsp.cov_pop_tot","Source: ASPIRE",
"CMR","per_allsp.cov_q1_tot","Source: ASPIRE",
"CMR","SP.POP.TOTL","Data source: United Nations World Population Prospects",
"COD","per_allsp.avt_pop_preT_tot","Source: ASPIRE",
"COD","per_allsp.cov_pop_tot","Source: ASPIRE",
"COD","per_allsp.cov_q1_tot","Source: ASPIRE",
"COD","SP.POP.TOTL","Data source: United Nations World Population Prospects",
"COG","per_allsp.avt_pop_preT_tot","Source: ASPIRE",
"COG","per_allsp.cov_pop_tot","Source: ASPIRE",
"COG","per_allsp.cov_q1_tot","Source: ASPIRE",
"COG","SP.POP.TOTL","Data source: United Nations World Population Prospects",
"COL","per_allsp.avt_pop_preT_tot","Source: ASPIRE",
"COL","per_allsp.cov_pop_tot","Source: ASPIRE",
"COL","per_allsp.cov_q1_tot","Source: ASPIRE",
"COL","SP.POP.TOTL","Data source: United Nations World Population Prospects 2019 Revision. Note: The UN estimates for Colombia are based on 2005 and earlier censuses and official estimates through 2018. UN estimates are likely to reflect the 2018 census results in the subsequent WPP Revisions once the 2018 census results become available.",
"COM","per_allsp.avt_pop_preT_tot","Source: ASPIRE",
"COM","per_allsp.cov_pop_tot","Source: ASPIRE",
"COM","per_allsp.cov_q1_tot","Source: ASPIRE",
"COM","SP.POP.TOTL","Data source: United Nations World Population Prospects",
"CPV","per_allsp.avt_pop_preT_tot","Source: ASPIRE",
"CPV","per_allsp.cov_pop_tot","Source: ASPIRE",
"CPV","per_allsp.cov_q1_tot","Source: ASPIRE",
"CPV","SP.POP.TOTL","Data source: United Nations World Population Prospects",
"CRI","per_allsp.avt_pop_preT_tot","Source: ASPIRE",
"CRI","per_allsp.cov_pop_tot","Source: ASPIRE",
"CRI","per_allsp.cov_q1_tot","Source: ASPIRE",
"CRI","SP.POP.TOTL","Data source: United Nations World Population Prospects",
"CUB","SP.POP.TOTL","Data source: United Nations World Population Prospects",
"CUW","SP.POP.TOTL","Data source: Central bureau of Statistics",
"CYM","SP.POP.TOTL","Data source: United Nations World Population Prospects",
"CYP","NY.GDP.PCAP.CD","Data are for areas under the effective control of the Government of the Republic of Cyprus.",
"CYP","SP.POP.TOTL","Data source: United Nations World Population Prospects",
"CZE","SP.POP.TOTL","Data source: Eurostat, Czech Statistical Office",
"DEU","SP.POP.TOTL","Data source: Eurostat",
"DJI","per_allsp.avt_pop_preT_tot","Source: ASPIRE",
"DJI","per_allsp.cov_pop_tot","Source: ASPIRE",
"DJI","per_allsp.cov_q1_tot","Source: ASPIRE",
"DJI","SP.POP.TOTL","Data source: United Nations World Population Prospects",
"DMA","per_allsp.avt_pop_preT_tot","Source: ASPIRE",
"DMA","per_allsp.cov_pop_tot","Source: ASPIRE",
"DMA","per_allsp.cov_q1_tot","Source: ASPIRE",
"DMA","SP.POP.TOTL","Data source: United Nations World Population Prospects",
"DNK","SP.POP.TOTL","Data source: Eurostat, Statistics Denmark",
"DOM","per_allsp.avt_pop_preT_tot","Source: ASPIRE",
"DOM","per_allsp.cov_pop_tot","Source: ASPIRE",
"DOM","per_allsp.cov_q1_tot","Source: ASPIRE",
"DOM","SP.POP.TOTL","Data source: United Nations World Population Prospects",
"DZA","SP.POP.TOTL","Data source: United Nations World Population Prospects",
"ECU","per_allsp.avt_pop_preT_tot","Source: ASPIRE",
"ECU","per_allsp.cov_pop_tot","Source: ASPIRE",
"ECU","per_allsp.cov_q1_tot","Source: ASPIRE",
"ECU","SP.POP.TOTL","Data source: United Nations World Population Prospects",
"EGY","per_allsp.avt_pop_preT_tot","Source: ASPIRE",
"EGY","per_allsp.cov_pop_tot","Source: ASPIRE",
"EGY","per_allsp.cov_q1_tot","Source: ASPIRE",
"EGY","SG.GEN.PARL.ZS","Figures correspond to the results of elections to the Lower House completed in January 2012. Elections to the Upper House will be completed in early 2012.",
"EGY","SP.POP.TOTL","Data source: United Nations World Population Prospects",
"ERI","SP.POP.TOTL","Data source: United Nations World Population Prospects",
"ESP","SP.POP.TOTL","Data source: Eurostat, Instituto Nacional de Estadística",
"EST","SP.POP.TOTL","Data source: Eurostat",
"ETH","per_allsp.avt_pop_preT_tot","Source: ASPIRE",
"ETH","per_allsp.cov_pop_tot","Source: ASPIRE",
"ETH","per_allsp.cov_q1_tot","Source: ASPIRE",
"ETH","SP.POP.TOTL","Data source: United Nations World Population Prospects",
"FIN","SP.POP.TOTL","Data source: Eurostat, Statistics Finland",
"FJI","per_allsp.avt_pop_preT_tot","Source: ASPIRE",
"FJI","per_allsp.cov_pop_tot","Source: ASPIRE",
"FJI","per_allsp.cov_q1_tot","Source: ASPIRE",
"FJI","SP.POP.TOTL","Data source: United Nations World Population Prospects",
"FRA","SP.POP.TOTL","Data source: Eurostat, United Nations World Population Prospects. Including the French overseas departments of French Guiana, Guadeloupe, Martinique, Mayotte, and Réunion.",
"FRO","SP.POP.TOTL","Data source: United Nations World Population Prospects",
"FSM","per_allsp.avt_pop_preT_tot","Source: ASPIRE",
"FSM","per_allsp.cov_pop_tot","Source: ASPIRE",
"FSM","per_allsp.cov_q1_tot","Source: ASPIRE",
"FSM","SP.POP.TOTL","Data source: United Nations World Population Prospects",
"GAB","per_allsp.avt_pop_preT_tot","Source: ASPIRE",
"GAB","per_allsp.cov_pop_tot","Source: ASPIRE",
"GAB","per_allsp.cov_q1_tot","Source: ASPIRE",
"GAB","SP.POP.TOTL","Data source: United Nations World Population Prospects",
"GBR","SP.POP.TOTL","Data source: Eurostat",
"GEO","NY.GDP.PCAP.CD","Excludes Abkhazia and South Ossetia.",
"GEO","per_allsp.avt_pop_preT_tot","Source: ASPIRE",
"GEO","per_allsp.cov_pop_tot","Source: ASPIRE",
"GEO","per_allsp.cov_q1_tot","Source: ASPIRE",
"GEO","SG.GEN.PARL.ZS","Elections were held in November 2003. However, on 25 November 2003, the election results were annuled by the Supreme Court of Georgia. New elections will be held in March 2004.",
"GEO","SP.POP.TOTL","Data source and note: GeoStats. Includes self-governed areas only, which mostly exclude Abkhazia and South Ossetia, but small areas in Abkhazia and South Ossetia are included before 2008 or 2009 because of the changes in self-governed areas.",
"GHA","per_allsp.avt_pop_preT_tot","Source: ASPIRE",
"GHA","per_allsp.cov_pop_tot","Source: ASPIRE",
"GHA","per_allsp.cov_q1_tot","Source: ASPIRE",
"GHA","SP.POP.TOTL","Data source: United Nations World Population Prospects",
"GIB","SP.POP.TOTL","Data source: United Nations World Population Prospects",
"GIN","per_allsp.avt_pop_preT_tot","Source: ASPIRE",
"GIN","per_allsp.cov_pop_tot","Source: ASPIRE",
"GIN","per_allsp.cov_q1_tot","Source: ASPIRE",
"GIN","SG.GEN.PARL.ZS","The parliament was dissolved following the December 2008 coup",
"GIN","SP.POP.TOTL","Data source: United Nations World Population Prospects",
"GMB","per_allsp.avt_pop_preT_tot","Source: ASPIRE",
"GMB","per_allsp.cov_pop_tot","Source: ASPIRE",
"GMB","per_allsp.cov_q1_tot","Source: ASPIRE",
"GMB","SP.POP.TOTL","Data source: United Nations World Population Prospects",
"GNB","SP.POP.TOTL","Data source: United Nations World Population Prospects",
"GNQ","SP.POP.TOTL","Data source: United Nations World Population Prospects",
"GRC","SP.POP.TOTL","Data source: Eurostat",
"GRD","SP.POP.TOTL","Data source: United Nations World Population Prospects",
"GRL","SP.POP.TOTL","Data source: Statistics Greenland",
"GTM","per_allsp.avt_pop_preT_tot","Source: ASPIRE",
"GTM","per_allsp.cov_pop_tot","Source: ASPIRE",
"GTM","per_allsp.cov_q1_tot","Source: ASPIRE",
"GTM","SP.POP.TOTL","Data source: Guatemala Instituto Nacional de Estadistica",
"GUM","SP.POP.TOTL","Data source: United Nations World Population Prospects",
"GUY","SP.POP.TOTL","Data source: United Nations World Population Prospects",
"HKG","SP.POP.TOTL","Data source: Census and Statistics Department",
"HND","per_allsp.avt_pop_preT_tot","Source: ASPIRE",
"HND","per_allsp.cov_pop_tot","Source: ASPIRE",
"HND","per_allsp.cov_q1_tot","Source: ASPIRE",
"HND","SP.POP.TOTL","Data source: United Nations World Population Prospects",
"HRV","per_allsp.avt_pop_preT_tot","Source: ASPIRE",
"HRV","per_allsp.cov_pop_tot","Source: ASPIRE",
"HRV","per_allsp.cov_q1_tot","Source: ASPIRE",
"HRV","SP.POP.TOTL","Data source: Croatian Bureau of Statistics, Eurostat",
"HTI","per_allsp.avt_pop_preT_tot","Source: ASPIRE",
"HTI","per_allsp.cov_pop_tot","Source: ASPIRE",
"HTI","per_allsp.cov_q1_tot","Source: ASPIRE",
"HTI","SP.POP.TOTL","Data source: United Nations World Population Prospects",
"HUN","per_allsp.avt_pop_preT_tot","Source: ASPIRE",
"HUN","per_allsp.cov_pop_tot","Source: ASPIRE",
"HUN","per_allsp.cov_q1_tot","Source: ASPIRE",
"HUN","SP.POP.TOTL","Data source: Eurostat, Hungarian Central Statistical Office",
"IDN","per_allsp.avt_pop_preT_tot","Source: ASPIRE",
"IDN","per_allsp.cov_pop_tot","Source: ASPIRE",
"IDN","per_allsp.cov_q1_tot","Source: ASPIRE",
"IDN","SP.POP.TOTL","Data source: United Nations World Population Prospects",
"IMN","SP.POP.TOTL","Data source: United Nations World Population Prospects",
"IND","per_allsp.avt_pop_preT_tot","Source: ASPIRE",
"IND","per_allsp.cov_pop_tot","Source: ASPIRE",
"IND","per_allsp.cov_q1_tot","Source: ASPIRE",
"IND","SP.POP.TOTL","Data source: United Nations World Population Prospects",
"IRL","SP.POP.TOTL","Data source: Eurostat",
"IRN","SP.POP.TOTL","Data source: United Nations World Population Prospects",
"IRQ","per_allsp.avt_pop_preT_tot","Source: ASPIRE",
"IRQ","per_allsp.cov_pop_tot","Source: ASPIRE",
"IRQ","per_allsp.cov_q1_tot","Source: ASPIRE",
"IRQ","SP.POP.TOTL","Data source: United Nations World Population Prospects",
"ISL","SP.POP.TOTL","Data source: Eurostat, Statistics Iceland",
"ISR","SP.POP.TOTL","Data source: Central Bureau of Statistics",
"ITA","SP.POP.TOTL","Data source: Eurostat",
"JAM","per_allsp.avt_pop_preT_tot","Source: ASPIRE",
"JAM","per_allsp.cov_pop_tot","Source: ASPIRE",
"JAM","per_allsp.cov_q1_tot","Source: ASPIRE",
"JAM","SP.POP.TOTL","Data source: United Nations World Population Prospects",
"JOR","per_allsp.avt_pop_preT_tot","Source: ASPIRE",
"JOR","per_allsp.cov_pop_tot","Source: ASPIRE",
"JOR","per_allsp.cov_q1_tot","Source: ASPIRE",
"JOR","SP.POP.TOTL","Data source: United Nations World Population Prospects",
"JPN","SP.POP.TOTL","Data source: Statistics Bureau of Japan",
"KAZ","per_allsp.avt_pop_preT_tot","Source: ASPIRE",
"KAZ","per_allsp.cov_pop_tot","Source: ASPIRE",
"KAZ","per_allsp.cov_q1_tot","Source: ASPIRE",
"KAZ","SP.POP.TOTL","Data source: Statistical Agency of Kazakhstan, United Nations World Population Prospects",
"KEN","per_allsp.avt_pop_preT_tot","Source: ASPIRE",
"KEN","per_allsp.cov_pop_tot","Source: ASPIRE",
"KEN","per_allsp.cov_q1_tot","Source: ASPIRE",
"KEN","SG.GEN.PARL.ZS","Situation for 1 January 2008 for directly elected members endorsed by the electoral commission. The additional twelve appointed seats and two ex-officio seats had yet to be filled.",
"KEN","SP.POP.TOTL","Data source: United Nations World Population Prospects",
"KGZ","per_allsp.avt_pop_preT_tot","Source: ASPIRE",
"KGZ","per_allsp.cov_pop_tot","Source: ASPIRE",
"KGZ","per_allsp.cov_q1_tot","Source: ASPIRE",
"KGZ","SP.POP.TOTL","Data source: National Statistical Committee",
"KHM","per_allsp.avt_pop_preT_tot","Source: ASPIRE",
"KHM","per_allsp.cov_pop_tot","Source: ASPIRE",
"KHM","per_allsp.cov_q1_tot","Source: ASPIRE",
"KHM","SP.POP.TOTL","Data source: United Nations World Population Prospects",
"KIR","per_allsp.avt_pop_preT_tot","Source: ASPIRE",
"KIR","per_allsp.cov_pop_tot","Source: ASPIRE",
"KIR","per_allsp.cov_q1_tot","Source: ASPIRE",
"KIR","SP.POP.TOTL","Data source: United Nations World Population Prospects",
"KNA","SP.POP.TOTL","Data source: United Nations World Population Prospects",
"KOR","SP.POP.TOTL","Data source: Korean Statistical Information Service",
"KWT","SG.GEN.PARL.ZS","No woman candidate was elected in the 2006 elections. However, one woman, appointed to the 16-member cabinet, is counted, because cabinet ministers also sit in parliament. In 2008, two women were appointed to the 16-member cabinet sworn in June 2008.",
"KWT","SP.POP.TOTL","Data source: United Nations World Population Prospects",
"LAO","per_allsp.avt_pop_preT_tot","Source: ASPIRE",
"LAO","per_allsp.cov_pop_tot","Source: ASPIRE",
"LAO","per_allsp.cov_q1_tot","Source: ASPIRE",
"LAO","SP.POP.TOTL","Data source: United Nations World Population Prospects",
"LBN","per_allsp.cov_pop_tot","Source: ASPIRE",
"LBN","per_allsp.cov_q1_tot","Source: ASPIRE",
"LBN","SP.POP.TOTL","Data source: United Nations World Population Prospects",
"LBR","per_allsp.avt_pop_preT_tot","Source: ASPIRE",
"LBR","per_allsp.cov_pop_tot","Source: ASPIRE",
"LBR","per_allsp.cov_q1_tot","Source: ASPIRE",
"LBR","SP.POP.TOTL","Data source: United Nations World Population Prospects",
"LBY","SG.GEN.PARL.ZS","Following the popular uprising and protracted fighting that eventually ousted Col. Muammar Gaddafi, the General People's Congress - the unicameral parliament of the now defunct Libyan Arab Jamahiriya - has ceased to function. Parliamentary elections are expected to be held in 2012 under the supervision of the National Transitional Council, the interim government of the new Libya.",
"LBY","SP.POP.TOTL","Data source: United Nations World Population Prospects",
"LCA","SP.POP.TOTL","Data source: United Nations World Population Prospects",
"LIE","SP.POP.TOTL","Data source: United Nations World Population Prospects",
"LKA","per_allsp.avt_pop_preT_tot","Source: ASPIRE",
"LKA","per_allsp.cov_pop_tot","Source: ASPIRE",
"LKA","per_allsp.cov_q1_tot","Source: ASPIRE",
"LKA","SP.POP.TOTL","Data source: Department of Census and Statistics Sri Lanka, United Nations World Population Prospects",
"LSO","per_allsp.avt_pop_preT_tot","Source: ASPIRE",
"LSO","per_allsp.cov_pop_tot","Source: ASPIRE",
"LSO","per_allsp.cov_q1_tot","Source: ASPIRE",
"LSO","SP.POP.TOTL","Data source: United Nations World Population Prospects",
"LTU","per_allsp.avt_pop_preT_tot","Source: ASPIRE",
"LTU","per_allsp.cov_pop_tot","Source: ASPIRE",
"LTU","per_allsp.cov_q1_tot","Source: ASPIRE",
"LTU","SP.POP.TOTL","Data source: Eurostat, Statistics Lithuania",
"LUX","SP.POP.TOTL","Data source: Eurostat",
"LVA","per_allsp.avt_pop_preT_tot","Source: ASPIRE",
"LVA","per_allsp.cov_pop_tot","Source: ASPIRE",
"LVA","per_allsp.cov_q1_tot","Source: ASPIRE",
"LVA","SP.POP.TOTL","Data source: Eurostat",
"MAC","SP.POP.TOTL","Data source: United Nations World Population Prospects",
"MAF","SP.POP.TOTL","Data source: United Nations World Population Prospects",
"MAR","NY.GDP.PCAP.CD","Includes Former Spanish Sahara.",
"MAR","per_allsp.cov_pop_tot","Source: ASPIRE",
"MAR","per_allsp.cov_q1_tot","Source: ASPIRE",
"MAR","SP.POP.TOTL","Data source: United Nations World Population Prospects",
"MCO","SP.POP.TOTL","Data source: United Nations World Population Prospects",
"MDA","NY.GDP.PCAP.CD","Excludes Transnistria.",
"MDA","per_allsp.avt_pop_preT_tot","Source: ASPIRE",
"MDA","per_allsp.cov_pop_tot","Source: ASPIRE",
"MDA","per_allsp.cov_q1_tot","Source: ASPIRE",
"MDA","SP.POP.TOTL","Data source: National Bureau of Statistics. Excluding Transnistria. For 1950-94, World Bank estimates using UN World Population Prospects' growth rates of whole Moldova.",
"MDG","per_allsp.avt_pop_preT_tot","Source: ASPIRE",
"MDG","per_allsp.cov_pop_tot","Source: ASPIRE",
"MDG","per_allsp.cov_q1_tot","Source: ASPIRE",
"MDG","SP.POP.TOTL","Data source: United Nations World Population Prospects",
"MDV","per_allsp.avt_pop_preT_tot","Source: ASPIRE",
"MDV","per_allsp.cov_pop_tot","Source: ASPIRE",
"MDV","per_allsp.cov_q1_tot","Source: ASPIRE",
"MDV","SP.POP.TOTL","Data source: United Nations World Population Prospects",
"MEX","per_allsp.avt_pop_preT_tot","Source: ASPIRE",
"MEX","per_allsp.cov_pop_tot","Source: ASPIRE",
"MEX","per_allsp.cov_q1_tot","Source: ASPIRE",
"MEX","SP.POP.TOTL","Data source: United Nations World Population Prospects",
"MHL","per_allsp.avt_pop_preT_tot","Source: ASPIRE",
"MHL","per_allsp.cov_pop_tot","Source: ASPIRE",
"MHL","per_allsp.cov_q1_tot","Source: ASPIRE",
"MHL","SP.POP.TOTL","Data source: United Nations World Population Prospects",
"MKD","SP.POP.TOTL","Data source: State Statistical Office, United Nations World Population Prospects",
"MLI","per_allsp.avt_pop_preT_tot","Source: ASPIRE",
"MLI","per_allsp.cov_pop_tot","Source: ASPIRE",
"MLI","per_allsp.cov_q1_tot","Source: ASPIRE",
"MLI","SP.POP.TOTL","Data source: United Nations World Population Prospects",
"MLT","SP.POP.TOTL","Data source: Eurostat",
"MMR","per_allsp.avt_pop_preT_tot","Source: ASPIRE",
"MMR","per_allsp.cov_pop_tot","Source: ASPIRE",
"MMR","per_allsp.cov_q1_tot","Source: ASPIRE",
"MMR","SP.POP.TOTL","Data source: United Nations World Population Prospects",
"MNE","per_allsp.avt_pop_preT_tot","Source: ASPIRE",
"MNE","per_allsp.cov_pop_tot","Source: ASPIRE",
"MNE","per_allsp.cov_q1_tot","Source: ASPIRE",
"MNE","SP.POP.TOTL","Data source: For years after 2000, Statistical Office of Montenegro. For years 1960-1999, growth rates of United Nations World Population Prospects were used to estimate backwards.",
"MNG","per_allsp.avt_pop_preT_tot","Source: ASPIRE",
"MNG","per_allsp.cov_pop_tot","Source: ASPIRE",
"MNG","per_allsp.cov_q1_tot","Source: ASPIRE",
"MNG","SP.POP.TOTL","Data source: United Nations World Population Prospects",
"MNP","SP.POP.TOTL","Data source: United Nations World Population Prospects",
"MOZ","per_allsp.avt_pop_preT_tot","Source: ASPIRE",
"MOZ","per_allsp.cov_pop_tot","Source: ASPIRE",
"MOZ","per_allsp.cov_q1_tot","Source: ASPIRE",
"MOZ","SP.POP.TOTL","Data source: United Nations World Population Prospects",
"MRT","per_allsp.avt_pop_preT_tot","Source: ASPIRE",
"MRT","per_allsp.cov_pop_tot","Source: ASPIRE",
"MRT","per_allsp.cov_q1_tot","Source: ASPIRE",
"MRT","SP.POP.TOTL","Data source: United Nations World Population Prospects",
"MUS","per_allsp.avt_pop_preT_tot","Source: ASPIRE",
"MUS","per_allsp.cov_pop_tot","Source: ASPIRE",
"MUS","per_allsp.cov_q1_tot","Source: ASPIRE",
"MUS","SP.POP.TOTL","Data source: Statistics Mauritius, United Nations World Population Prospects",
"MWI","per_allsp.avt_pop_preT_tot","Source: ASPIRE",
"MWI","per_allsp.cov_pop_tot","Source: ASPIRE",
"MWI","per_allsp.cov_q1_tot","Source: ASPIRE",
"MWI","SP.POP.TOTL","Data source: United Nations World Population Prospects",
"MYS","per_allsp.avt_pop_preT_tot","Source: ASPIRE",
"MYS","per_allsp.cov_pop_tot","Source: ASPIRE",
"MYS","per_allsp.cov_q1_tot","Source: ASPIRE",
"MYS","SP.POP.TOTL","Data source: United Nations World Population Prospects",
"NAM","per_allsp.avt_pop_preT_tot","Source: ASPIRE",
"NAM","per_allsp.cov_pop_tot","Source: ASPIRE",
"NAM","per_allsp.cov_q1_tot","Source: ASPIRE",
"NAM","SG.GEN.PARL.ZS","The 6 additional non-voting members will be appointed by the President of the Republic after he will be sworn in on 21 March 2005.",
"NAM","SP.POP.TOTL","Data source: United Nations World Population Prospects",
"NCL","SP.POP.TOTL","Data source: Institute of Statistics and Economic Studies",
"NER","per_allsp.avt_pop_preT_tot","Source: ASPIRE",
"NER","per_allsp.cov_pop_tot","Source: ASPIRE",
"NER","per_allsp.cov_q1_tot","Source: ASPIRE",
"NER","SP.POP.TOTL","Data source: United Nations World Population Prospects",
"NGA","per_allsp.avt_pop_preT_tot","Source: ASPIRE",
"NGA","per_allsp.cov_pop_tot","Source: ASPIRE",
"NGA","per_allsp.cov_q1_tot","Source: ASPIRE",
"NGA","SP.POP.TOTL","Data source: United Nations World Population Prospects",
"NIC","per_allsp.avt_pop_preT_tot","Source: ASPIRE",
"NIC","per_allsp.cov_pop_tot","Source: ASPIRE",
"NIC","per_allsp.cov_q1_tot","Source: ASPIRE",
"NIC","SP.POP.TOTL","Data source: United Nations World Population Prospects",
"NLD","SP.POP.TOTL","Data source: Eurostat, Statistics Netherlands",
"NOR","SP.POP.TOTL","Data source: Eurostat, Statistics Norway",
"NPL","per_allsp.avt_pop_preT_tot","Source: ASPIRE",
"NPL","per_allsp.cov_pop_tot","Source: ASPIRE",
"NPL","per_allsp.cov_q1_tot","Source: ASPIRE",
"NPL","SP.POP.TOTL","Data source: United Nations World Population Prospects",
"NRU","SP.POP.TOTL","Data source: United Nations World Population Prospects. The UN WPP total population is estimated to be consistent with the population of the (a) 1961, 1966, 1977, 1992, 2002, 2011 censuses; (b) official estimates through 2015; and the assumed subsequent trend in the growth rate of the population. The subsequent migration related to the Regional Processing Centre is not taken into account. The figures differ from the latest estimates from the Mini Census 2019.",
"NZL","SP.POP.TOTL","Data source: Statistics New Zealand",
"OMN","SP.POP.TOTL","Data source: United Nations World Population Prospects",
"PAK","per_allsp.avt_pop_preT_tot","Source: ASPIRE",
"PAK","per_allsp.cov_pop_tot","Source: ASPIRE",
"PAK","per_allsp.cov_q1_tot","Source: ASPIRE",
"PAK","SP.POP.TOTL","Data source: United Nations World Population Prospects",
"PAN","per_allsp.avt_pop_preT_tot","Source: ASPIRE",
"PAN","per_allsp.cov_pop_tot","Source: ASPIRE",
"PAN","per_allsp.cov_q1_tot","Source: ASPIRE",
"PAN","SP.POP.TOTL","Data source: United Nations World Population Prospects",
"PER","per_allsp.avt_pop_preT_tot","Source: ASPIRE",
"PER","per_allsp.cov_pop_tot","Source: ASPIRE",
"PER","per_allsp.cov_q1_tot","Source: ASPIRE",
"PER","SP.POP.TOTL","Data source: United Nations World Population Prospects",
"PHL","per_allsp.avt_pop_preT_tot","Source: ASPIRE",
"PHL","per_allsp.cov_pop_tot","Source: ASPIRE",
"PHL","per_allsp.cov_q1_tot","Source: ASPIRE",
"PHL","SP.POP.TOTL","Data source: United Nations World Population Prospects",
"PLW","per_allsp.avt_pop_preT_tot","Source: ASPIRE",
"PLW","per_allsp.cov_pop_tot","Source: ASPIRE",
"PLW","per_allsp.cov_q1_tot","Source: ASPIRE",
"PLW","SP.POP.TOTL","Data source: United Nations World Population Prospects",
"PNG","per_allsp.avt_pop_preT_tot","Source: ASPIRE",
"PNG","per_allsp.cov_pop_tot","Source: ASPIRE",
"PNG","per_allsp.cov_q1_tot","Source: ASPIRE",
"PNG","SP.POP.TOTL","Data source: United Nations World Population Prospects",
"POL","per_allsp.avt_pop_preT_tot","Source: ASPIRE",
"POL","per_allsp.cov_pop_tot","Source: ASPIRE",
"POL","per_allsp.cov_q1_tot","Source: ASPIRE",
"POL","SP.POP.TOTL","Data source: Eurostat",
"PRI","SP.POP.TOTL","Data source: U.S. Census Bureau, 1990 Census",
"PRK","SP.POP.TOTL","Data source: United Nations World Population Prospects",
"PRT","SP.POP.TOTL","Data source: Eurostat",
"PRY","per_allsp.avt_pop_preT_tot","Source: ASPIRE",
"PRY","per_allsp.cov_pop_tot","Source: ASPIRE",
"PRY","per_allsp.cov_q1_tot","Source: ASPIRE",
"PRY","SP.POP.TOTL","Data source: United Nations World Population Prospects",
"PSE","per_allsp.avt_pop_preT_tot","Source: ASPIRE",
"PSE","per_allsp.cov_pop_tot","Source: ASPIRE",
"PSE","per_allsp.cov_q1_tot","Source: ASPIRE",
"PSE","SP.POP.TOTL","Data source: World Bank estimates based on data from Palestinian Central Bureau of Statistics, excluding E. Jerusalem.",
"PYF","SP.POP.TOTL","Data source: United Nations World Population Prospects",
"QAT","SP.POP.TOTL","Data source: United Nations World Population Prospects",
"ROU","per_allsp.avt_pop_preT_tot","Source: ASPIRE",
"ROU","per_allsp.cov_pop_tot","Source: ASPIRE",
"ROU","per_allsp.cov_q1_tot","Source: ASPIRE",
"ROU","SP.POP.TOTL","Data source: Eurostat",
"RUS","per_allsp.avt_pop_preT_tot","Source: ASPIRE",
"RUS","per_allsp.cov_pop_tot","Source: ASPIRE",
"RUS","per_allsp.cov_q1_tot","Source: ASPIRE",
"RUS","SP.POP.TOTL","Data source: Russian Federation Federal State Statistics Service, 1979 Census, 1989 Census",
"RWA","per_allsp.avt_pop_preT_tot","Source: ASPIRE",
"RWA","per_allsp.cov_pop_tot","Source: ASPIRE",
"RWA","per_allsp.cov_q1_tot","Source: ASPIRE",
"RWA","SP.POP.TOTL","Data source: United Nations World Population Prospects",
"SAU","SP.POP.TOTL","Data source: United Nations World Population Prospects",
"SDN","per_allsp.avt_pop_preT_tot","Source: ASPIRE",
"SDN","per_allsp.cov_pop_tot","Source: ASPIRE",
"SDN","per_allsp.cov_q1_tot","Source: ASPIRE",
"SDN","SP.POP.TOTL","Data source: United Nations World Population Prospects. Estimates are for Sudan excluding South Sudan.",
"SEN","per_allsp.avt_pop_preT_tot","Source: ASPIRE",
"SEN","per_allsp.cov_pop_tot","Source: ASPIRE",
"SEN","per_allsp.cov_q1_tot","Source: ASPIRE",
"SEN","SP.POP.TOTL","Data source: United Nations World Population Prospects",
"SGP","SG.GEN.PARL.ZS","The parliament convened on 2 November 2006 following the elections held in May. Nine members are yet to be appointed to the parliament.",
"SGP","SP.POP.TOTL","Data source: Department of Statistics Singapore",
"SLB","per_allsp.avt_pop_preT_tot","Source: ASPIRE",
"SLB","per_allsp.cov_pop_tot","Source: ASPIRE",
"SLB","per_allsp.cov_q1_tot","Source: ASPIRE",
"SLB","SP.POP.TOTL","Data source: United Nations World Population Prospects",
"SLE","per_allsp.avt_pop_preT_tot","Source: ASPIRE",
"SLE","per_allsp.cov_pop_tot","Source: ASPIRE",
"SLE","per_allsp.cov_q1_tot","Source: ASPIRE",
"SLE","SP.POP.TOTL","Data source: United Nations World Population Prospects",
"SLV","per_allsp.avt_pop_preT_tot","Source: ASPIRE",
"SLV","per_allsp.cov_pop_tot","Source: ASPIRE",
"SLV","per_allsp.cov_q1_tot","Source: ASPIRE",
"SLV","SP.POP.TOTL","Data source: United Nations World Population Prospects",
"SMR","SP.POP.TOTL","Data source: United Nations World Population Prospects",
"SOM","SP.POP.TOTL","Data source: United Nations World Population Prospects",
"SRB","per_allsp.avt_pop_preT_tot","Source: ASPIRE",
"SRB","per_allsp.cov_pop_tot","Source: ASPIRE",
"SRB","per_allsp.cov_q1_tot","Source: ASPIRE",
"SRB","SP.POP.TOTL","Data source: Statistical Office of the Republic of Serbia, Eurostat, TransMONEE, Council of Europe. Note : Excluding Kosovo.",
"SSD","per_allsp.avt_pop_preT_tot","Source: ASPIRE",
"SSD","per_allsp.cov_pop_tot","Source: ASPIRE",
"SSD","per_allsp.cov_q1_tot","Source: ASPIRE",
"SSD","SP.POP.TOTL","Data source: United Nations World Population Prospects",
"STP","SP.POP.TOTL","Data source: United Nations World Population Prospects",
"SUR","SP.POP.TOTL","Data source: United Nations World Population Prospects",
"SVK","per_allsp.avt_pop_preT_tot","Source: ASPIRE",
"SVK","per_allsp.cov_pop_tot","Source: ASPIRE",
"SVK","per_allsp.cov_q1_tot","Source: ASPIRE",
"SVK","SP.POP.TOTL","Data source: Eurostat, Statistical office of the Slovak Republic",
"SVN","SP.POP.TOTL","Data source: Eurostat, Statistical Office of the Republic of Slovenia",
"SWE","SP.POP.TOTL","Data source: Eurostat, Statistics Sweden",
"SWZ","per_allsp.avt_pop_preT_tot","Source: ASPIRE",
"SWZ","per_allsp.cov_pop_tot","Source: ASPIRE",
"SWZ","per_allsp.cov_q1_tot","Source: ASPIRE",
"SWZ","SP.POP.TOTL","Data source: United Nations World Population Prospects",
"SXM","SP.POP.TOTL","Data source: Department of Statistics, St. Maarten; United Nations World Population Prospects",
"SYC","SP.POP.TOTL","Data source: National Bureau of Statistics",
"SYR","per_allsp.avt_pop_preT_tot","Source: ASPIRE",
"SYR","per_allsp.cov_pop_tot","Source: ASPIRE",
"SYR","per_allsp.cov_q1_tot","Source: ASPIRE",
"SYR","SP.POP.TOTL","Data source: United Nations World Population Prospects",
"TCA","SP.POP.TOTL","Data source: United Nations World Population Prospects",
"TCD","per_allsp.avt_pop_preT_tot","Source: ASPIRE",
"TCD","per_allsp.cov_pop_tot","Source: ASPIRE",
"TCD","per_allsp.cov_q1_tot","Source: ASPIRE",
"TCD","SP.POP.TOTL","Data source: United Nations World Population Prospects",
"TGO","per_allsp.avt_pop_preT_tot","Source: ASPIRE",
"TGO","per_allsp.cov_pop_tot","Source: ASPIRE",
"TGO","per_allsp.cov_q1_tot","Source: ASPIRE",
"TGO","SP.POP.TOTL","Data source: United Nations World Population Prospects",
"THA","per_allsp.avt_pop_preT_tot","Source: ASPIRE",
"THA","per_allsp.cov_pop_tot","Source: ASPIRE",
"THA","per_allsp.cov_q1_tot","Source: ASPIRE",
"THA","SP.POP.TOTL","Data source: United Nations World Population Prospects",
"TJK","per_allsp.avt_pop_preT_tot","Source: ASPIRE",
"TJK","per_allsp.cov_pop_tot","Source: ASPIRE",
"TJK","per_allsp.cov_q1_tot","Source: ASPIRE",
"TJK","SP.POP.TOTL","Data source: United Nations World Population Prospects",
"TKM","SP.POP.TOTL","Data source: United Nations World Population Prospects",
"TLS","NY.GDP.COAL.RT.ZS","GDP data excludes oil output.",
"TLS","NY.GDP.MINR.RT.ZS","GDP data excludes oil output.",
"TLS","NY.GDP.NGAS.RT.ZS","GDP data excludes oil output.",
"TLS","NY.GDP.PETR.RT.ZS","GDP data excludes oil output.",
"TLS","NY.GDP.TOTL.RT.ZS","GDP data excludes oil output.",
"TLS","per_allsp.avt_pop_preT_tot","Source: ASPIRE",
"TLS","per_allsp.cov_pop_tot","Source: ASPIRE",
"TLS","per_allsp.cov_q1_tot","Source: ASPIRE",
"TLS","SG.GEN.PARL.ZS","The purpose of elections held on 30 August 2001 was to elect members of the Constituent Assembly of Timor-Leste. This body became the National Parliament on 20 May 2002, the date on which the country became independent, without any new elections",
"TLS","SP.POP.TOTL","Data source: United Nations World Population Prospects",
"TON","per_allsp.avt_pop_preT_tot","Source: ASPIRE",
"TON","per_allsp.cov_pop_tot","Source: ASPIRE",
"TON","per_allsp.cov_q1_tot","Source: ASPIRE",
"TON","SG.GEN.PARL.ZS","No women were elected in 2008, however one woman was appointed to the Cabinet. As cabinet ministers also sit in parliament, there is one woman out of a total of 32 members.",
"TON","SP.POP.TOTL","Data source: United Nations World Population Prospects",
"TTO","SP.POP.TOTL","Data source: United Nations World Population Prospects",
"TUN","per_allsp.avt_pop_preT_tot","Source: ASPIRE",
"TUN","per_allsp.cov_pop_tot","Source: ASPIRE",
"TUN","per_allsp.cov_q1_tot","Source: ASPIRE",
"TUN","SP.POP.TOTL","Data source: United Nations World Population Prospects",
"TUR","per_allsp.avt_pop_preT_tot","Source: ASPIRE",
"TUR","per_allsp.cov_pop_tot","Source: ASPIRE",
"TUR","per_allsp.cov_q1_tot","Source: ASPIRE",
"TUR","SP.POP.TOTL","Data source: United Nations World Population Prospects",
"TUV","SP.POP.TOTL","Data source: United Nations World Population Prospects",
"TWN","SP.POP.TOTL","Data source: National Statistics Republic of China (Taiwan, China), United Nations World Population Prospects",
"TZA","NY.GDP.PCAP.CD","Covers mainland Tanzania only.",
"TZA","per_allsp.avt_pop_preT_tot","Source: ASPIRE",
"TZA","per_allsp.cov_pop_tot","Source: ASPIRE",
"TZA","per_allsp.cov_q1_tot","Source: ASPIRE",
"TZA","SP.POP.TOTL","Data source: United Nations World Population Prospects",
"UGA","per_allsp.avt_pop_preT_tot","Source: ASPIRE",
"UGA","per_allsp.cov_pop_tot","Source: ASPIRE",
"UGA","per_allsp.cov_q1_tot","Source: ASPIRE",
"UGA","SP.POP.TOTL","Data source: United Nations World Population Prospects",
"UKR","per_allsp.avt_pop_preT_tot","Source: ASPIRE",
"UKR","per_allsp.cov_pop_tot","Source: ASPIRE",
"UKR","per_allsp.cov_q1_tot","Source: ASPIRE",
"UKR","SP.POP.TOTL","Data source: State Statistics Committee of Ukraine, United Nations World Population Prospects, Council of Europe, United Nations Population and Vital Statistics Report",
"URY","per_allsp.avt_pop_preT_tot","Source: ASPIRE",
"URY","per_allsp.cov_pop_tot","Source: ASPIRE",
"URY","per_allsp.cov_q1_tot","Source: ASPIRE",
"URY","SP.POP.TOTL","Data source: United Nations World Population Prospects",
"USA","SG.GEN.PARL.ZS","The total refers to all voting members of the House.",
"USA","SP.POP.TOTL","Data source: U.S. Census Bureau",
"UZB","per_allsp.avt_pop_preT_tot","Source: ASPIRE",
"UZB","per_allsp.cov_pop_tot","Source: ASPIRE",
"UZB","per_allsp.cov_q1_tot","Source: ASPIRE",
"UZB","SP.POP.TOTL","Data source: State Committee of the Republic of Uzbekistan on Statistics, United Nations World Population Prospects",
"VCT","SP.POP.TOTL","Data source: United Nations World Population Prospects",
"VEN","per_allsp.cov_pop_tot","Source: ASPIRE",
"VEN","per_allsp.cov_q1_tot","Source: ASPIRE",
"VEN","SG.GEN.PARL.ZS","On 25 August 1999, the Constituent Assembly elected on 25 July adopted a dercree putting the bicameral Congress on indefinite recess",
"VEN","SP.POP.TOTL","Data source: United Nations World Population Prospects",
"VGB","SP.POP.TOTL","Data source: United Nations World Population Prospects",
"VIR","SP.POP.TOTL","Data source: U.S. Census Bureau, United Nations Population and Vital Statistics Report",
"VNM","per_allsp.avt_pop_preT_tot","Source: ASPIRE",
"VNM","per_allsp.cov_pop_tot","Source: ASPIRE",
"VNM","per_allsp.cov_q1_tot","Source: ASPIRE",
"VNM","SP.POP.TOTL","Data source: United Nations World Population Prospects",
"VUT","SP.POP.TOTL","Data source: United Nations World Population Prospects",
"WSM","per_allsp.avt_pop_preT_tot","Source: ASPIRE",
"WSM","per_allsp.cov_pop_tot","Source: ASPIRE",
"WSM","per_allsp.cov_q1_tot","Source: ASPIRE",
"WSM","SP.POP.TOTL","Data source: United Nations World Population Prospects",
"XKX","per_allsp.avt_pop_preT_tot","Source: ASPIRE",
"XKX","per_allsp.cov_pop_tot","Source: ASPIRE",
"XKX","per_allsp.cov_q1_tot","Source: ASPIRE",
"XKX","SP.POP.TOTL","Data source: Kosovo Agency of Statistics, U.S. Census Bureau",
"YEM","per_allsp.avt_pop_preT_tot","Source: ASPIRE",
"YEM","per_allsp.cov_pop_tot","Source: ASPIRE",
"YEM","per_allsp.cov_q1_tot","Source: ASPIRE",
"YEM","SP.POP.TOTL","Data source: United Nations World Population Prospects",
"ZAF","per_allsp.avt_pop_preT_tot","Source: ASPIRE",
"ZAF","per_allsp.cov_pop_tot","Source: ASPIRE",
"ZAF","per_allsp.cov_q1_tot","Source: ASPIRE",
"ZAF","SG.GEN.PARL.ZS","The figures for 1999-2017 on the distribution of seats do not include the 36 special rotating delegates appointed on an ad hoc basis, and all percentages given are therefore calculated on the basis of the 54 permanent seats.",
"ZAF","SP.POP.TOTL","Data source: United Nations World Population Prospects",
"ZMB","per_allsp.avt_pop_preT_tot","Source: ASPIRE",
"ZMB","per_allsp.cov_pop_tot","Source: ASPIRE",
"ZMB","per_allsp.cov_q1_tot","Source: ASPIRE",
"ZMB","SP.POP.TOTL","Data source: United Nations World Population Prospects",
"ZWE","per_allsp.avt_pop_preT_tot","Source: ASPIRE",
"ZWE","per_allsp.cov_pop_tot","Source: ASPIRE",
"ZWE","per_allsp.cov_q1_tot","Source: ASPIRE",
"ZWE","SP.POP.TOTL","Data source: United Nations World Population Prospects",
