﻿"SeriesCode","Year","DESCRIPTION",
"IC.FRM.FEMO.ZS","YR2002    ","The sample was drawn from the manufacturing sector only.",
"IC.FRM.OUTG.ZS","YR2002    ","The sample was drawn from the manufacturing sector only.",
"IC.FRM.OUTG.ZS","YR2003    ","The sample was drawn from the manufacturing sector only.",
"IC.FRM.FEMO.ZS","YR2003    ","The sample was drawn from the manufacturing sector only.",
"IC.FRM.FEMO.ZS","YR2004    ","The sample was drawn from the manufacturing sector only.",
"IC.FRM.OUTG.ZS","YR2004    ","The sample was drawn from the manufacturing sector only.",
"IC.FRM.OUTG.ZS","YR2005    ","The sample was drawn from the manufacturing sector only.",
"IC.FRM.FEMO.ZS","YR2005    ","The sample was drawn from the manufacturing sector only.",
"IC.FRM.FEMO.ZS","YR2006    ","The sample was drawn from the manufacturing sector only.",
"IC.FRM.OUTG.ZS","YR2006    ","The sample was drawn from the manufacturing sector only.",
"IC.FRM.OUTG.ZS","YR2007    ","The sample was drawn from the manufacturing sector only.",
"IC.FRM.FEMO.ZS","YR2007    ","The sample was drawn from the manufacturing sector only.",
